unique,artist,title,month_year_top,instruments,intended_reaction,volume,services,translations,simplicity,monthly_listeners,merch_sold,tickets_sold,duration_listene,views_song,articles,speed,lyrical_tone,lyrical_tone.1,year,common_genre,intended_age,awards_won,billboard_hot_100,music_video_4
TPS1,The Weeknd,Blinding Lights,43770,8,4,-6,3,6,2,113,75000,1500000,3,7500000000,30,171,3,3,2019,1,18,0,21,1
TPS2,Glass Animals,Heat Waves,44105,10,7,-7,3,4,3,22,15000,26000,2,640000000,10,81,3,2,2020,6,15,0,14,0
TPS3,Harry Styles,As It Was,44652,10,7,-5,5,6,2,47,100000,3000000,3,850000000,25,174,3,2,2022,2,15,1,3,1
TPS4,Mariah Carey,All I Want for Christmas is You,36526,4,3,-7,4,10,1,27,50000,100000,2,800000000,15,150,7,7,2000,2,10,2,7,1
TPS5,The Weeknd and Ariana Grande,Save Your Tears,43891,5,5,-5,8,5,1,113,75000,1500000,2,950000000,30,118,2,4,2020,1,18,0,8,1
TPS6,The Kid LAROI and Justin Bieber ,Stay,44378,7,3,-5,4,4,1,46,50000,200000,2,2700000000,12,170,3,6,2021,3,15,0,14,0
TPS7,Miley Cyrus,Flowers,44927,10,6,-5,3,6,1,55,65000,150000,2,1250000000,20,118,4,7,2023,2,15,0,2,1
TPS8,Ed Sheeran,Shape Of You,42736,3,1,-3,3,11,1,71,10000,3000000,3,3500000000,40,96,6,5,2017,2,15,1,14,1
TPS9,Ed Sheeran,Bad Habits,44348,6,4,-4,3,5,2,71,10000,3000000,2,700000000,40,126,3,5,2021,2,15,0,6,0
TPS10,Lewis Capaldi,Someone You Loved,43405,3,10,-6,3,7,2,32,35000,600000,2,1500000000,8,110,2,2,2018,2,15,0,18,1
TPS11,Nickelback,How You Remind Me,37135,10,6,-5,3,3,2,23,45000,400000,2,1000000000,5,172,3,7,2001,4,25,1,14,1
TPS12,Dua Lipa & DaBaby,Levitating,43922,9,1,-2,4,6,1,65,55000,200000,3,800000000,25,103,6,8,2020,2,15,1,16,1
TPS13,Usher Lil' Jon and Ludacris,Yeah! ,37987,4,1,-5,5,5,1,41,30000,200000,2,1200000000,40,105,8,8,2004,1,18,1,10,0
TPS14,Ed Sheeran,Perfect,42795,5,10,-6,9,8,2,71,100000,3000000,3,1800000000,40,95,9,3,2017,2,15,0,9,1
TPS15,Ed Sheeran,Shivers,44440,4,3,-3,2,4,2,71,100000,3000000,3,1000000000,10,141,7,7,2021,2,15,0,5,0
TPS16,Wham!,Last Christmas,36526,3,2,-12,3,10,1,15,20000,72000,2,500000000,3,108,3,6,2000,2,10,0,4,1
TPS17,Luis Fonsi & Daddy Yankee,Despacito,42736,5,2,-5,2,15,3,21,50000,100000,3,3500000000,8,178,7,6,2017,8,15,0,13,1
TPS18,Tones & I,Dance Monkey,43617,6,1,-6,4,7,2,12,15000,150000,2,1300000000,5,98,3,3,2019,2,10,0,6,0
TPS19,P Diddy Usher and Loon,I Need A Girl,37316,7,4,-7,3,3,1,11,15000,200000,2,200000000,4,200,6,6,2002,3,18,0,7,0
TPS20,The Killers,Mr. Brightside,38108,9,10,-5,3,4,3,26,40000,400000,3,500000000,6,148,2,4,2004,5,18,0,15,1
TPS21,Mary J Blige,Family Affair,37073,8,1,-4,4,3,1,12,25000,100000,2,200000000,6,93,4,5,2001,1,15,1,7,0
TPS22,Elton John & Dua Lipa,Cold Heart ,44409,10,6,-6,2,5,2,48,50000,1000000,3,500000000,10,116,3,4,2021,2,15,0,9,1
TPS23,Taylor Swift,Anti-Hero,44835,7,8,-7,3,6,2,91,150000,4000000,2,300000000,40,97,3,5,2022,7,15,0,7,0
TPS24,Lifehouse,Hanging By a Moment,36923,6,5,-5,3,2,2,6,12500,100000,2,200000000,4,125,6,4,2001,5,15,0,12,1
TPS25,Timbaland & One Republic,Apologize,39173,9,10,-6,3,6,1,22,25000,450000,2,200000000,6,118,2,6,2007,3,15,1,12,1
TPS26,Taylor Swift,Cruel Summer,43678,8,1,-6,2,3,1,91,150000,4000000,3,500000000,10,170,4,4,2019,7,15,0,7,0
TPS27,David Guetta & Bebe Rhexa,I'm Good (Blue),44774,10,1,-4,5,4,1,76,35000,250000,2,400000000,8,128,10,8,2022,9,18,0,5,0
TPS28,The Black Eyed Peas,I Gotta Feeling,39965,8,1,-6,3,8,1,42,50000,350000,3,600000000,10,128,9,8,2009,3,15,0,3,1
TPS29,Morgan Wallen,Last Night,44958,6,3,-5,4,2,2,38,55000,900000,2,250000000,10,204,3,4,2023,7,18,0,3,0
TPS30,Eminem,Lose Yourself,37530,10,7,-5,5,5,3,76,100000,100000,3,1500000000,15,171,3,8,2002,3,15,1,3,1
TPS31,Billie Eilish ,Bad Guy,43556,7,2,-11,6,15,1,58,300000,500000,3,1000000000,40,135,5,7,2019,10,15,1,12,1
TPS32,Mariah Carey,We Belong Together,38443,9,6,-8,5,10,1,24,150000,300000,3,300000000,20,140,3,3,2005,1,18,1,14,1
TPS33,Alicia Keys,Fallin' ,37043,8,7,-8,2,9,2,22,100000,200000,4,200000000,15,96,5,6,2001,1,15,1,10,0
TPS34,Three Doors Down,Kryptonite,36617,8,5,-6,2,8,2,9,80000,150000,3,300000000,5,99,3,6,2000,5,15,0,11,0
TPS35,Snow Patrol,Chasing Cars,38869,7,9,-5,2,12,2,10,50000,120000,3,200000000,5,104,5,2,2006,5,10,0,16,1
TPS36,Mark Ronson & Bruno Mars,Uptown Funk,41944,6,1,-7,3,18,1,50,200000,250000,4,4500000000,10,115,8,9,2014,2,15,2,14,1
TPS37,Faith Hill,Breathe,36526,10,5,-9,5,8,2,5,70000,100000,3,100000000,5,137,7,3,2000,7,15,0,13,0
TPS38,24Goldn & Iann Dior,Mood,44044,8,2,-4,3,10,1,26,120000,150000,3,300000000,10,91,3,5,2020,3,15,0,12,0
TPS39,Nelly & Kelly Rowland,Dilemma,37438,8,1,-8,2,9,1,18,60000,200000,4,500000000,10,168,4,5,2002,1,15,1,10,0
TPS40,Pharell Williams,Happy,41487,5,3,-5,2,16,1,25,150000,150000,3,1000000000,15,160,10,8,2013,2,15,0,16,0
TPS41,The Pussycat Dolls,Don't Cha,38473,3,2,-3,4,9,1,10,100000,100000,3,200000000,10,120,6,5,2005,2,18,0,9,0
TPS42,Santana & The Product G,Maria Maria,36557,7,4,-6,2,8,1,14,50000,100000,4,200000000,5,98,4,4,2000,4,15,1,10,1
TPS43,OutKast,Hey Ya!,37895,5,6,-2,3,12,3,22,100000,150000,4,1000000000,10,80,3,6,2003,3,15,1,14,1
TPS44,Train,Drops Of Jupiter (Tell Me),36951,3,4,-6,5,8,2,15,70000,150000,4,200000000,10,79,6,4,2001,5,10,0,11,0
TPS45,Olivia Rodrigo,Good 4 U,44317,9,8,-5,6,11,1,75,500000,600000,3,500000000,50,167,3,7,2021,2,15,1,10,1
TPS46,50 Cent,In Da Club,37622,6,1,-3,2,10,1,34,200000,250000,3,1000000000,20,90,7,5,2003,3,18,1,12,1
TPS47,Coldplay,Viva la vida,39569,10,9,-7,5,15,3,90,300000,2000000,3,1500000000,40,138,3,2,2008,2,15,1,8,1
TPS48,Mario,Let Me Love You,38261,7,5,-5,5,9,2,10,40000,100000,4,200000000,5,95,3,3,2004,1,15,0,14,1
TPS49,Lil Nas X & Billy Ray Cyrus,Old Town Road,43525,4,2,-6,4,10,1,35,300000,300000,3,1000000000,30,136,6,7,2019,3,15,2,19,0
TPS50,Rihanna & Jay-Z,Umbrella,39173,5,5,-5,5,14,1,80,400000,800000,4,1000000000,20,174,7,4,2007,3,18,1,12,1
TPS51,Faith Hill,The Way You Love Me,36586,10,5,-7,3,7,1,5,70000,100000,3,100000000,5,102,7,7,2000,7,15,0,10,0
TPS52,Adele,Rolling In The Deep,40513,10,6,-5,5,11,2,60,600000,1000000,4,3000000000,50,105,3,7,2010,11,18,1,13,1
TPS53,Tom Odell,Another Love,41244,2,10,-9,2,8,2,12,40000,100000,3,300000000,5,123,2,3,2012,11,15,0,7,1
TPS54,The Calling,Wherever You Will Go,37196,7,6,-5,4,8,2,6,30000,100000,3,200000000,5,112,6,5,2001,5,18,0,11,0
TPS55,Kanye West & Jamie Foxx,Gold Digger,38534,10,2,-6,2,12,1,53,300000,250000,3,300000000,10,93,6,6,2005,3,15,1,12,1
TPS56,Kelly Clarkson,Since U Been Gone,38322,9,5,-5,4,9,1,17,200000,300000,4,300000000,30,131,4,7,2004,2,15,1,10,1
TPS57,Creed,With Arms Wide Open,36647,8,8,-8,5,8,2,12,80000,200000,4,400000000,10,139,4,4,2000,5,18,1,10,0
TPS58,SZA,Kill Bill,44896,7,3,-6,1,7,1,44,100000,500000,3,400000000,20,89,3,6,2022,1,15,0,13,1
TPS59,Jennifer Lopez & Ja Rule,I'm Real,37073,10,2,-8,4,8,1,14,150000,300000,3,100000000,15,83,5,4,2001,1,15,1,9,1
TPS60,Maroon 5,This Love,38018,7,6,-5,4,10,2,62,400000,700000,4,400000000,50,95,3,6,2004,2,15,0,12,1
TPS61,Lady GaGa,Poker Face,39692,7,2,-5,5,12,2,56,300000,600000,3,1500000000,40,119,5,7,2008,2,15,1,15,1
TPS62,Destiny's Child,Independent Woman,36770,6,2,-4,4,9,1,17,100000,200000,4,200000000,10,98,8,6,2000,1,15,1,10,0
TPS63,Shaggy & Ricardo 'RikRok' Ducent,It Wasn't Me,36831,8,1,-5,4,8,1,12,50000,100000,3,1000000000,5,95,5,5,2000,8,15,0,10,0
TPS64,LMFAO,Party Rock Anthem,40575,7,2,-4,4,11,1,13,70000,200000,4,1200000000,5,130,8,8,2011,10,15,0,14,0
TPS65,Post Malone,Circles,43709,8,4,-3,1,9,2,66,600000,1200000,4,1600000000,70,120,3,4,2019,2,15,0,14,0
TPS66,James Blunt,You're Beautiful,38504,3,7,-10,5,10,1,12,50000,150000,4,700000000,5,82,3,2,2005,4,18,0,11,0
TPS67,Enrique Iglesias,Hero,37135,5,4,-6,4,8,1,20,200000,400000,4,200000000,15,152,4,3,2001,2,15,0,10,1
TPS68,Vanessa Carlton,A Thousand Miles,37316,7,6,-4,4,9,2,9,30000,100000,4,300000000,5,95,4,4,2002,2,15,0,10,1
TPS69,Joe Thomas,I Wanna Know,36526,8,3,-6,3,8,2,4,20000,100000,3,200000000,2,136,4,3,2000,1,15,0,9,1
TPS70,Fergie,Big Girls Don't Cry (Personal),39203,4,10,-4,4,10,3,8,100000,100000,4,300000000,10,113,3,5,2007,2,15,0,11,1
TPS71,R Kelly,Ignition,37561,5,1,-7,2,9,1,12,80000,100000,4,200000000,15,133,7,6,2002,1,15,0,12,1
TPS72,Aaliyah,Try Again,36586,5,3,-5,2,8,1,7,50000,100000,3,200000000,5,93,5,4,2000,1,15,0,8,0
TPS73,Timbaland & Keri Hilson,The Way I Are,39234,6,3,-6,7,10,1,8,150000,100000,3,300000000,5,115,6,4,2007,3,18,0,9,1
TPS74,Linkin Park,In The End,37165,10,7,-6,2,11,2,35,300000,300000,3,1500000000,20,105,2,8,2001,5,15,0,10,1
TPS75,Gotye & Kimbra,Somebody That I Used To Know,40725,8,8,-7,4,10,2,18,40000,100000,4,1500000000,5,129,3,4,2011,6,15,1,11,1
TPS76,Leona Lewis,Bleeding Love,39356,3,8,-6,3,12,3,10,60000,100000,4,600000000,5,104,4,6,2007,2,15,1,12,1
TPS77,Ciara & Petey Pablo,Goodies,38139,6,1,-6,3,9,1,8,70000,100000,3,100000000,5,102,5,5,2004,3,18,0,11,0
TPS78,Evanescence & Paul McCoy,Bring Me To Life,37681,10,4,-3,4,11,2,20,80000,200000,4,300000000,5,95,4,7,2003,5,15,1,12,1
TPS79,Toni Braxton,He Wasn't Man Enough,37834,7,2,-2,1,8,1,7,60000,100000,4,200000000,5,88,4,4,2000,1,15,0,8,0
TPS80,Three Doors Down,Here Without You,41791,8,6,-7,3,9,2,9,80000,150000,3,300000000,5,144,6,4,2003,5,18,0,10,1
TPS81,	Ed Sheeran,Thinking Out Loud,37653,8,10,-6,3,13,2,105,1200000,1500000,4,2000000000,60,79,7,3,2014,2,15,0,15,1
TPS82,Sean Paul,Get Busy,37135,5,1,-4,1,10,1,30,100000,300000,3,600000000,10,100,8,7,2003,8,15,0,10,0
TPS83,Usher,U Got It Bad,42339,3,6,-5,5,9,1,20,300000,500000,4,300000000,30,124,3,4,2001,1,15,1,10,0
TPS84,Sia,Cheap Thrills,39326,4,3,-6,5,11,1,38,200000,300000,4,2600000000,20,90,7,8,2015,2,15,0,12,0
TPS85,Alica Keys,No One,36526,5,5,-5,5,10,2,24,100000,200000,4,400000000,15,90,4,6,2007,1,15,1,10,1
TPS86,Rob Thomas & Santana,Smooth,38808,7,3,-4,1,9,1,22,60000,100000,4,200000000,5,116,6,6,2000,4,15,1,12,1
TPS87,Shakira & Wyclef Jean,Hips Don't Lie,38808,7,2,-6,4,14,1,36,150000,300000,4,1300000000,10,100,7,8,2006,8,15,0,12,1
TPS88,The Fray,How To Save A Life,38808,5,10,-4,4,10,2,18,80000,150000,4,500000000,5,122,2,4,2006,5,15,0,12,0
TPS89,John Legend,All Of Me,41518,2,10,-7,3,12,2,25,150000,300000,4,1800000000,15,120,6,3,2013,1,15,1,14,1
TPS90,Madonna,Music,36739,4,1,-9,3,8,1,18,200000,400000,3,300000000,20,120,7,6,2000,2,15,1,10,1
TPS91,OutKast,The Way You Move,37865,5,1,-5,5,10,1,21,100000,150000,3,500000000,10,126,6,7,2003,3,15,1,12,1
TPS92,Camila Cabello & Young Thug,Havana,42948,3,3,-4,2,13,1,42,300000,250000,3,2000000000,15,105,4,4,2017,2,15,0,14,1
TPS93,Avril Lavigne,Complicated,37408,10,7,-6,2,9,2,18,100000,200000,4,400000000,15,78,6,6,2002,2,15,0,11,1
TPS94,Matchbox Twenty,Unwell,37681,8,6,-5,3,8,3,12,150000,200000,4,200000000,10,81,4,3,2003,5,15,0,10,0
TPS95,Vertical Horizon,Everything You Want,36526,8,8,-6,6,7,2,3,30000,100000,3,200000000,2,94,6,4,2000,2,15,0,9,0
TPS96,SZA,Snooze,44896,6,5,-7,3,6,1,64,100000,500000,3,300000000,20,143,7,4,2022,1,15,0,9,1
TPS97,Lady Gaga ft Bradley Cooper,Shallow,43374,8,9,-6,3,10,2,51,200000,250000,3,1300000000,5,96,8,7,2018,2,15,1,12,1
TPS98,Cira & Missy 'Misdemeanor' Elliot,1-2 Step,38261,6,1,-11,2,8,1,6,100000,150000,4,100000000,5,113,8,6,2004,3,15,0,9,1
TPS99,Eve & Gwen Stefani,Let Me Blow Ya Mind,36982,7,2,-4,5,9,1,5,50000,150000,3,300000000,5,90,5,4,2001,3,18,0,9,1
TPS100,Daniel Powter,Bad Day,38412,7,7,-4,5,8,2,2,30000,100000,3,300000000,5,140,6,7,2005,2,15,0,10,0
TPS101,Metro Boomin The Weeknd & 21 Savage,Creepin',44896,5,3,-6,3,10,2,50,400000,400000,3,300000000,15,98,3,4,2022,3,15,0,7,0
TPS102,Justin TImberlake,Can't Stop The Feeling,42491,7,1,-6,5,11,1,28,300000,500000,4,700000000,30,113,9,9,2016,2,18,0,5,1
TPS103,The Chainsmokers & Halsey,Closer,42583,5,6,-6,3,12,1,35,400000,500000,3,2000000000,20,95,4,5,2016,10,15,0,8,0
TPS104,Dua Lipa,Don't Start Now,43770,5,5,-5,4,13,1,71,600000,700000,3,1300000000,40,124,6,7,2019,2,18,0,7,0
TPS105,Mario Winans Enya & P Diddy,I Don't Wanna Know,38018,7,4,-8,5,8,2,3,50000,100000,3,100000000,5,97,2,2,2004,1,20,0,5,1
TPS106,Beyonce & Jay-Z,Crazy In Love,37742,7,3,-7,5,12,1,47,500000,1200000,3,500000000,30,99,7,8,2003,3,18,1,7,1
TPS107,Luke Combs,Fast Car,44986,8,3,-6,3,7,1,35,300000,800000,3,300000000,15,98,7,4,2023,12,18,0,6,0
TPS108,Matchbox Twenty,Bent,36617,6,9,-7,3,7,2,12,150000,200000,3,200000000,10,95,3,6,2000,5,15,0,6,0
TPS109,Gorillaz,Feel Good Inc,38443,8,5,-7,3,12,3,24,100000,200000,4,600000000,15,139,4,3,2005,5,15,0,7,1
TPS110,Maroon 5 & Carti B,Girls Like You,43252,7,3,-8,4,12,1,47,400000,300000,4,1500000000,10,125,3,6,2018,2,15,0,7,0
TPS111,Imagine Dragons,Radioactive,41122,9,4,-4,2,11,2,59,600000,1000000,4,1800000000,30,136,4,7,2012,5,18,0,8,1
TPS112,Lil' Jon & The East Side Boyz,Get Low,37742,6,1,-7,3,9,1,7,60000,100000,3,400000000,5,101,8,7,2003,3,18,0,7,0
TPS113,Staind,It's Been Awhile,36982,9,7,-4,3,7,2,4,70000,100000,4,200000000,5,117,3,4,2001,5,15,0,6,0
TPS114,Ashanti,Foolish,37288,6,5,-6,4,8,1,8,80000,100000,3,200000000,10,90,3,4,2002,1,20,0,9,0
TPS115,Beyonce ,Baby Boy,37834,6,2,-9,3,10,1,47,500000,1200000,4,300000000,30,91,6,6,2003,1,18,0,8,1
TPS116,Usher,Burn,38047,7,4,-7,1,9,1,20,300000,500000,4,300000000,30,120,3,3,2004,1,15,0,8,0
TPS117,Post Malone & Swae Lee,Sunflower (Spider-Man: Into The Spider-Verse),43374,6,4,-4,1,11,2,59,600000,400000,4,1700000000,20,90,3,4,2018,3,18,0,9,0
TPS118,Avicii,Wake Me Up,41426,6,6,-6,1,13,3,46,300000,400000,4,2000000000,15,124,5,3,2013,13,15,0,6,1
TPS119,Lil Nas X & Jack Harlow,Industry Baby,44378,5,3,-7,5,11,1,53,500000,300000,3,1600000000,15,150,7,6,2021,3,15,0,7,0
TPS120,Nelly ,Hot in Herre,37377,4,1,-5,3,9,1,14,200000,200000,4,200000000,20,107,8,7,2002,3,18,0,7,0
TPS121,Tate McRae ,Greedy ,45170,8,3,-3,3,6,2,25,200000,200000,3,300000000,10,111,5,5,2023,2,18,0,5,0
TPS122,Green Day ,Boulevard of Broken Dreams,38292,9,8,-4,3,10,2,25,400000,600000,3,600000000,30,167,2,4,2004,5,15,0,8,1
TPS123,Destiny's Child ,Say My Name ,36526,6,2,-5,4,12,1,11,100000,200000,4,500000000,10,138,3,3,2000,1,18,1,7,0
TPS 124,Alicia Keys ,If I Ain't Got You ,38047,7,6,-9,3,10,1,24,100000,200000,4,500000000,15,118,6,4,2004,1,18,1,7,0
TPS125,DaBaby & Roddy Ricch,Rockstar ,43922,4,2,-6,4,9,1,30,300000,400000,3,400000000,20,90,6,6,2020,3,18,0,8,1
TPS126,Maroon 5,She Will Be Loved ,38169,3,8,-6,7,12,2,47,400000,700000,3,600000000,50,102,5,4,2004,2,18,0,8,0
TPS127,Justin Timberlake ,SexyBack ,38899,5,1,-6,7,11,1,38,300000,500000,4,700000000,30,117,9,6,2006,2,18,1,7,1
TPS128,Jason Mraz,I am yours ,39569,3,8,-9,2,12,1,16,80000,100000,3,200000000,10,151,8,3,2008,2,15,0,6,0
TPS129,Sam Smith & Kim Petras ,Unholy ,44805,5,3,-7,4,10,1,56,200000,300000,3,600000000,15,131,4,6,2022,2,15,0,5,0
TPS130,Macklemore & Ryan Lewis ,Can't Hold Us ,41275,9,5,-4,5,11,1,22,150000,300000,3,500000000,10,146,8,7,2013,3,1,1,8,1
TPS131,Shaggy ,Angel ,36861,3,4,-3,7,8,1,21,60000,100000,4,500000000,10,171,7,4,2000,8,18,0,7,0
TPS132,Shakira ,Whenever Wherever ,37165,5,3,-5,6,12,1,36,200000,400000,2,1800000000,25,108,8,9,2001,2,15,0,8,0
TPS133,Brenda Lee ,Rockin' Around The Christmas Tree,39417,7,1,-9,8,7,1,10,30000,100000,3,100000000,2,67,10,6,2007,2,18,0,6,0
TPS134,Lonestar ,Amazed ,36526,5,6,-9,7,6,2,4,50000,100000,3,300000000,5,140,8,4,2000,12,18,0,7,0
TPS135,Carly Rae Jepsen ,Call Me Maybe,40848,7,2,-7,5,11,1,14,100000,150000,3,1000000000,10,120,8,6,2011,2,18,0,9,0
TPS136,Chris Brown & Juelz Santana ,Run It ,38565,5,2,-7,1,8,1,20,100000,200000,4,200000000,15,101,7,7,2005,1,15,0,5,0
TPS137,Snoop Dog & Pharrel Williams ,Drop It Like It's Hot ,38261,5,1,-4,4,10,1,40,300000,400000,4,600000000,15,92,6,6,2004,3,18,0,7,0
TPS138,Nickelback ,Someday ,37834,10,6,-6,2,9,2,18,200000,400000,3,300000000,25,163,4,7,2003,5,18,0,6,0
TPS139,Doja Cat ,Paint The Town Red ,45139,5,2,-9,3,6,1,69,400000,500000,4,600000000,30,100,8,7,2023,3,18,0,8,0
TPS140,Gnarls Barkley ,Crazy ,38808,7,3,-2,2,11,1,8,70000,100000,3,1200000000,5,112,4,6,2006,11,20,0,8,0
TPS141,Dido,White Flag ,37865,8,8,-7,2,8,3,7,60000,100000,4,500000000,5,170,3,3,2003,2,15,0,7,1
TPS142,Robin Thicke TI & Pharrel Williams ,Blurred Lines ,41334,5,2,-5,3,11,1,10,80000,200000,3,1300000000,5,120,6,5,2013,1,18,1,9,1
TPS143,Jennifer Lopez & Ja Rule ,Ain't it Funny ,37073,4,3,-3,2,8,1,10,150000,300000,3,200000000,15,89,4,7,2001,1,18,0,7,1
TPS144,Justin Bieber ,Love Yourself ,42309,6,8,-10,2,13,2,73,800000,1000000,3,700000000,50,100,3,4,2015,2,15,0,8,1
TPS145,Drake WizKid & Kyla ,One Dance ,42461,8,2,-6,2,14,1,70,400000,400000,3,1600000000,15,104,6,4,2016,3,15,1,9,1
TPS146,The Black Eyed Peas,My Humps ,38565,5,1,-6,1,10,1,30,300000,600000,3,700000000,40,124,7,6,2005,3,15,0,7,0
TPS147,Adele ,Someone Like You ,40544,3,9,-8,2,14,2,64,600000,1000000,4,1700000000,50,135,3,3,2011,2,15,1,8,1
TPS148,Eminem ,Without Me ,37377,7,5,-3,5,12,1,66,500000,800000,3,1000000000,60,112,6,7,2002,3,18,0,8,1
TPS149,Gwen Stefani,Hollaback Girl ,38443,6,3,-2,2,9,1,8,100000,300000,4,600000000,20,110,7,7,2005,2,15,0,9,1
TPS150,Post Malone & 21 Savage ,Rockstar ,42979,4,3,-7,3,12,1,59,600000,400000,4,1600000000,20,160,6,7,2017,2,15,1,10,1
TPS151,Nelly Furtado ,Say It Right ,39022,6,5,-6,1,11,1,12,100000,200000,3,200000000,10,117,4,6,2006,2,15,0,7,0
TPS152,One Repubic ,Counting Stars ,41395,8,7,-5,3,13,3,50,200000,500000,4,1700000000,30,122,6,5,2013,5,15,0,8,1
TPS153,Kelly Clarkson,Breakaway ,38200,6,8,-4,2,9,2,17,200000,300000,3,300000000,30,160,7,6,2004,13,15,0,7,1
TPS154,Hoobastank,The Reason ,38047,9,7,-6,3,9,2,5,50000,100000,4,200000000,5,83,4,3,2004,2,15,0,7,1
TPS155,Major Lazer & DJ Snake ,Lean On,42064,7,6,-3,1,14,1,37,200000,400000,3,1500000000,10,98,5,6,2015,5,15,0,9,0
TPS156,Natasha Bedingfield ,Unwritten ,38322,6,6,-6,4,8,2,7,40000,100000,4,200000000,5,100,8,7,2004,2,15,0,8,0
TPS157,Lifehouse ,You & Me ,38384,5,4,-8,3,7,1,5,70000,100000,4,200000000,10,140,6,3,2005,1,15,0,6,1
TPS158,Dido,Thank You ,36892,6,8,-10,3,8,3,7,60000,100000,3,300000000,5,80,7,3,2001,6,15,0,7,0
TPS159,Sisqo,Thong Song ,36526,4,1,-7,2,7,1,2,40000,100000,3,200000000,5,122,5,7,2000,2,18,0,7,1
TPS160,Hozier ,Take Me To Church,41821,8,9,-5,2,13,3,32,100000,200000,4,600000000,15,129,3,4,2014,3,15,0,8,1
TPS161,Plain White T's,Hey There Delilah,39173,5,4,-11,2,9,2,10,50000,100000,4,300000000,5,104,6,4,2007,5,15,0,8,1
TPS162,Flo-Rida & T-Pain,Low,39387,6,1,-6,1,11,1,18,150000,300000,4,400000000,15,128,5,7,2007,2,15,0,10,0
TPS163,Matchbox Twenty,If You're Gone,36800,9,6,-7,1,8,2,12,150000,200000,3,200000000,10,110,3,4,2000,2,15,1,7,0
TPS164,Kelly Clarkson,Because of You,38596,5,7,-5,4,10,2,17,200000,300000,3,200000000,30,140,2,4,2005,7,15,0,8,1
TPS165,Shawn Mendez & Camila Cabello,Senorita,43617,9,3,-6,2,12,1,43,400000,600000,3,1200000000,15,117,4,6,2019,3,15,0,7,1
TPS166,LeAnn Rimes,Can't Fight The Moonlight,36770,6,5,-6,4,9,2,3,30000,100000,3,100000000,5,98,6,3,2000,1,15,0,6,0
TPS167,The Black Eyed Peas,Where is the Love?,37773,7,6,-3,5,13,2,30,300000,600000,4,500000000,40,94,2,2,2003,2,15,0,7,0
TPS168,Desitny's Child,Jumpin' Jumpin',36647,8,2,-5,3,8,1,11,100000,200000,3,300000000,10,89,6,6,2000,2,15,0,6,0
TPS169,Gwen Stefani & Akon,The Sweet Escape,39052,4,4,-4,3,10,1,8,100000,200000,3,500000000,5,120,4,4,2006,10,15,0,7,1
TPS170,Justin Bieber,Sorry,42278,6,5,-4,2,14,2,73,800000,1000000,3,3600000000,50,100,3,3,2015,10,15,0,8,0
TPS171,Marshmello & Bastille,Happier,43313,7,9,-3,3,11,3,39,200000,400000,3,500000000,10,100,3,3,2018,2,15,0,7,1
TPS172,Rihanna,Don't Stop The Music,39295,5,2,-6,3,12,1,68,600000,800000,4,1500000000,50,123,6,7,2007,2,15,1,8,1
TPS173,Adele,Easy On Me,44470,5,6,-8,2,14,2,64,600000,1000000,4,400000000,50,142,2,3,2021,2,15,0,8,1
TPS174,OneRepublic,I Ain't Worried,44713,7,6,-6,3,8,2,50,200000,500000,3,300000000,30,140,7,7,2022,7,15,0,5,0
TPS175,Uncle Kracker,Follow Me,36951,6,4,-5,3,7,1,3,30000,100000,3,100000000,5,105,7,4,2001,3,15,0,7,0
TPS176,50 Cent & Olivia,Candy Shop,38384,5,1,-8,2,9,1,22,50000,100000,4,300000000,2,125,8,6,2005,1,18,0,7,0
TPS177,Christina Aguilera Lil' Kim Mya & P!nk,Lady Marmalade (Voulez-Vous Coucher Aver Moi Ce Soir?),36982,8,6,-4,5,12,1,9,80000,100000,4,200000000,10,110,6,7,2001,2,18,0,7,1
TPS178,Sia,Chandelier,41699,6,5,-3,2,14,2,38,200000,400000,4,900000000,20,117,3,3,2014,2,15,0,8,1
TPS179,P!nk,Get The Party Started,37165,4,2,-3,4,9,1,28,300000,400000,4,400000000,20,129,8,7,2001,2,15,0,8,1
TPS180,The Chainsmokers & Daya,Don't Let Me Down,42401,8,3,-5,4,11,1,35,400000,400000,3,1300000000,15,160,4,4,2016,10,15,0,8,0
TPS181,Halsey,Without Me,43374,6,6,-7,3,12,2,44,300000,300000,4,800000000,30,136,4,7,2018,2,15,0,9,0
TPS182,Lenny Kravitz,Again,36800,9,7,-5,3,8,2,9,50000,100000,4,200000000,5,79,6,3,2000,4,15,0,7,1
TPS183,Fat Joe & Ahanti,What's Luv?,37288,8,2,-5,2,9,1,6,100000,100000,3,200000000,10,94,5,7,2002,3,15,0,6,1
TPS184,Blu Cantrell,Hit 'em Up Style (Oops!),37012,5,2,-5,4,7,1,1,30000,50000,3,200000000,5,90,4,7,2001,1,18,0,6,0
TPS185,Maroon 5 & Christina Aguilera,Moves Like Jagger,40725,6,1,-4,2,13,1,47,400000,300000,4,1400000000,10,128,8,7,2011,2,15,0,9,0
TPS186,OMI,Cheerleader,41944,8,2,-6,2,10,1,7,40000,100000,3,300000000,5,100,7,5,2014,8,15,0,7,0
TPS187,Kay Perry,Hot 'n' Cold,39630,7,3,-4,3,12,2,38,400000,600000,3,500000000,30,132,3,5,2008,2,10,0,9,0
TPS188,Creed,Higher,36526,5,4,-6,2,8,1,5,80000,200000,3,200000000,10,156,3,4,2000,5,15,0,6,1
TPS189,Panic! At the Disco,High Hopes,43252,8,5,-3,2,11,2,31,200000,400000,3,700000000,20,82,8,6,2018,2,15,1,8,0
TPS190,Mya,Case Of The Ex (Whatcha Gonna Do),36739,6,6,-5,3,7,1,1,60000,100000,3,200000000,5,98,3,5,2000,1,15,1,6,0
TPS191,Janet Jackson,All For You,36951,7,8,-5,4,9,2,6,200000,400000,3,100000000,20,114,6,6,2001,1,15,0,7,0
TPS192,Usher,U Remind Me,37043,5,3,-5,1,10,1,20,300000,500000,4,400000000,30,94,3,4,2001,1,15,0,8,0
TPS193,Lil Nas X,Montero (Call Me By Your Name),44256,7,4,-7,2,12,2,53,300000,300000,3,600000000,20,179,8,7,2021,3,18,1,9,0
TPS194,Lady GaGa & Colby O'Donis,Just Dance,39600,6,1,-5,3,14,1,51,100000,150000,4,1000000000,5,119,8,8,2008,2,15,0,10,1
TPS195,Meghan Trainor,All About That Bass,41821,4,1,-4,3,13,1,31,150000,300000,3,400000000,15,134,6,5,2014,2,15,0,8,1
TPS196,Rihanna & Calvin Harris,We Found Love,40787,5,8,-4,2,14,1,68,500000,800000,4,1500000000,25,128,7,6,2011,2,15,1,10,1
TPS197,Teddy Swims,Lose Control,45139,9,3,-4,3,7,2,12,60000,100000,3,100000000,3,160,3,3,2023,3,15,0,5,1
TPS198,Ja Rule & Ashanti,Always On Time,37196,8,3,-8,2,9,2,8,150000,200000,4,200000000,10,97,7,6,2001,3,18,0,7,1
TPS199,Sam Smith,Stay With Me,41730,5,8,-6,3,13,1,56,200000,400000,3,600000000,15,84,4,3,2014,2,15,0,8,0
TPS200,Wiz Khalifa & Charlie Puth,See You Again,42064,4,8,-8,3,14,3,48,300000,400000,4,3500000000,20,80,3,6,2015,3,15,1,10,1